{
  "shuffle": true,
  "subset": null,
  "min_freq": 75,
  "lower": true,
  "stem": false,
  "analyzer": "char_wb",
  "ngram_max_range": 6,
  "alpha": 0.0001,
  "learning_rate": 0.13111716787937028,
  "power_t": 0.4121548562022127,
  "num_epochs": 100,
  "threshold": 0.6770476470117957
}